tb_mid_x,tb_mid_y,hw_x,hw_y,hm_x,hm_y,ht_x,ht_y,mouth_mid_x,mouth_mid_y,is_smiling,teeth_section
73.67324829,1.966430664,269.5280075,43.06280136,210.7948589,-31.32753611,149,0.908958435,0,0,1,1
60.29119873,4.677703857,261.9036484,55.43386459,204.3374729,-25.34421444,144.75,14.35162354,0,0,1,1
184.3678284,77.66070557,232.1418381,-5.946979523,203.5613537,-41.52905703,149.125,1.064901352,0,0,1,1
180.1760254,79.46014404,226.0807419,-6.644353867,190.0303459,-43.68403673,132.625,1.960424423,0,0,1,1
36.98498535,5.660980225,226.98452,47.33696938,186.4156914,-18.62368584,111.125,20.80665207,0,0,1,1
42.53707886,14.54632568,254.1924286,88.03979874,203.4551716,-3.7733531,128.125,40.04909134,0,0,1,1
38.49854279,29.13250732,245.1265335,112.909441,200.9529972,16.5490222,127.25,56.55731964,0,0,1,1
109.0422363,-40.38573456,248.1305695,-11.60345078,166.7437172,-84.59195852,99.25,-27.08152771,0,0,1,1
172.6534424,79.35192871,241.3727188,68.69690895,182.6451492,-15.59611559,107.875,19.56793213,0,0,1,1
31.02373505,16.33651733,246.8315887,72.30869293,186.6945171,-11.07413292,115.125,27.47144508,0,0,1,1
54.58410645,-1.354278564,247.226944,44.2837429,192.1077442,-31.85224771,145,-3.000469208,0,0,1,1
58.17217255,-7.480651855,243.572998,43.66355896,185.8687401,-34.17657852,114.125,-7.965545654,0,0,1,1
64.21466064,0.051208496,268.9505386,53.0182457,218.7522984,-22.81424761,160.875,-11.67358017,0,0,1,1
43.00506592,17.80267334,245.3427124,83.42960358,201.3172626,-3.907670975,135.25,28.28226471,0,0,1,1
53.70563507,0.74395752,237.9528809,70.5527401,192.8087807,-15.14712811,116.625,5.7778759,0,0,1,1
66.23473358,12.94006348,250.4139709,75.98250389,209.1089821,-3.521461487,137.125,17.89831352,0,0,1,1
59.08978271,10.8137207,194.9713898,46.43340111,150.7484055,22.96887875,115.625,14.79039574,0,0,1,1
62.95211792,-10.62225342,252.947464,47.56719589,204.1494083,-28.82494211,149.25,-11.94663048,0,0,1,1
60.1756897,1.841552734,250.8651733,54.55581665,203.8327217,-19.65652227,148.5,-5.011064529,0,0,1,1
66.97067261,2.79095459,254.4547653,56.07032776,208.8598251,-17.83608198,154.25,-0.321115494,0,0,1,1
46.16547394,19.42672729,236.3066864,112.2196198,197.2437382,20.25019884,124.25,35.59173775,0,0,1,1
66.16592407,3.192993164,256.3058472,74.90678787,203.9485168,-14.29025173,149,-0.848682404,0,0,1,1
53.4211731,-15.97613525,242.4762344,18.15739632,185.4323006,-60.84668398,131.625,-35.05636597,0,0,1,1
38.97348022,-20.50140381,243.9925003,14.64883804,187.5252151,-68.91530514,127.5,-34.97017479,0,0,1,1
62.44403839,10.19836426,245.9630966,64.0123558,200.9942913,-17.29487658,139.25,2.348424911,0,0,1,1
70.31902313,-4.188751221,257.8970718,53.7569046,211.5648556,-26.21366501,151.375,-7.330198288,0,0,1,1
64.33154297,4.943664551,252.1310043,61.16100311,205.6218719,-23.20223808,142.5,1.971668243,0,0,1,1
69.28948975,12.93908691,250.7746887,78.96640778,208.7929153,-9.451947212,137.25,12.45448494,0,0,1,1
75.5258255,12.54858398,266.4402771,77.57512093,219.911375,-5.612432957,154.375,14.00358009,0,0,1,1
68.50473022,-0.652709961,257.2531509,65.77168465,211.3641071,-19.21073198,139.75,1.434522629,0,0,1,1
67.96849823,15.40725708,255.0655746,81.80253983,210.1512241,-6.040241718,141.125,17.04622078,0,0,1,1
63.13225555,3.198059082,247.084198,73.75771523,204.9314117,-16.39459848,133.5,8.615261078,0,0,1,1
43.70062256,-6.953491211,248.353157,58.25740814,197.6054764,-33.82025957,131.875,-0.19622612,0,0,1,1
60.25888062,-8.292907715,250.0880814,48.67126465,199.6140575,-33.67218018,138.375,-10.62201118,0,0,1,1
90.28701782,-2.951538086,283.2871246,21.64340973,231.9430447,-40.90552568,191.5,-18.32910919,0,0,1,2
90.59048462,-2.08203125,285.0865173,16.05978012,232.9638863,-43.28962326,193.25,-19.09587479,0,0,1,2
81.8536377,-4.767333984,286.504364,10.40019035,231.730299,-48.36394787,194.625,-24.75595665,0,0,1,2
84.05627441,-7.073272705,283.8158417,2.535610199,229.4086838,-52.77970076,198,-29.65482903,0,0,1,2
90.05032349,-2.369506836,289.1917419,9.074821472,237.7248573,-48.52100372,202.125,-23.96316147,0,0,1,2
81.37908936,-2.835723877,280.0340652,11.81571007,231.365757,-45.84601879,198.5,-21.26961136,0,0,1,2
89.70605469,2.068145752,283.3778763,21.94069862,233.3939075,-37.41906881,192.875,-9.776733398,0,0,1,2
94.15530396,0.089111328,289.3353653,19.83003616,239.4703674,-40.81797838,202.625,-14.9281311,0,0,1,2
82.56399536,0.349639893,285.6156921,21.43295288,237.3386097,-38.97926331,203.5,-13.43365288,0,0,1,2
78.41931152,1.318206787,286.7597961,27.98046112,240.0664806,-35.33604383,202.5,-6.703371048,0,0,1,2
72.97634888,3.57232666,282.2945404,35.49862862,236.397543,-32.90564775,190.5,-7.046310425,0,0,1,2
64.63989258,7.467681885,275.5615234,42.25007057,226.758461,-25.42674065,179.75,3.811832428,0,0,1,2
89.29156494,3.37689209,282.7604675,31.93977356,233.3318901,-35.87460995,188.125,-6.49612999,0,0,1,2
76.43609619,1.648071289,271.4769745,20.77915192,222.6473808,-39.20192957,190.875,-12.62827492,0,0,1,2
91.98849487,0.760314941,283.0506516,17.8172493,236.4513779,-39.63616848,204,-15.07723618,0,0,1,2
97.96466064,1.938995361,288.3899689,16.80736542,240.142107,-39.95726824,208,-12.4720974,0,0,1,2
87.7093811,2.229553223,279.9185944,16.21687889,231.5549278,-44.35612679,196.5,-10.67451668,0,0,1,2
85.43276978,-0.798583984,278.8886642,15.62447548,232.2255802,-47.2697854,193.625,-12.77027893,0,0,1,2
81.67382813,0.89654541,288.984375,24.42277908,244.7000694,-43.84544849,197.125,-7.149679184,0,0,1,2
87.6875,-0.367919922,288.2147598,28.78835678,242.1618271,-42.07567692,188.625,-9.086385727,0,0,1,2
107.9135742,2.462036133,299.4070816,29.85497475,251.1066341,-37.80771017,196.5,-8.124172211,0,0,1,2
77.88449097,5.310791016,279.2633057,36.53892517,233.643713,-32.82517433,187.5,-1.602825165,0,0,1,2
96.77627563,2.59954834,276.0367966,29.80525017,232.8191185,-34.13410664,192.5,-10.42329597,0,0,1,2
78.96216583,2.894897461,257.5822449,23.28240395,215.7027435,-39.70627069,180.75,-8.405330658,0,0,1,2
83.5326004,2.49609375,255.719223,21.43089294,217.0123005,-42.31167555,178.75,-9.926153183,0,0,1,2
70.9161377,1.294189453,262.70504,30.60381889,224.1266441,-36.34911776,178.125,-5.801261902,0,0,1,2
73.76300049,3.85748291,280.6847,55.8945179,240.6989288,-12.72696733,185.625,-4.106712341,0,0,1,2
81.162323,1.003204346,298.8735199,54.83070374,248.4548283,-18.58669996,193,-9.720823288,0,0,1,2
132.1313171,7.763946533,318.0808258,86.53175354,276.5688229,7.104005814,217,9.235376358,0,0,1,2
78.74002075,4.825927734,286.5726471,93.09645653,248.4675503,12.0622015,192.125,12.41441917,0,0,1,2
97.25360107,5.228271484,286.1145401,67.58176804,238.2864952,-7.190408707,186.5,-0.551462173,0,0,1,2
83.82055664,4.792266846,270.4724503,61.58237457,229.0266991,-7.709219456,194.625,-5.152038574,0,0,1,2
80.18041992,5.645019531,268.8009262,58.28347206,229.1362381,-6.965932846,190.125,-5.193328857,0,0,1,2
73.36328125,3.580932617,257.0451736,53.38617325,216.8394089,-11.30393744,177.875,-8.231557846,0,0,1,2
84.2487793,-6.340148926,273.4783936,16.01094246,224.1190529,-47.35808372,193.25,-8.4472332,0,0,1,2
98.4052124,-1.81439209,264.6799469,45.48666,234.7890759,-17.05608845,171.125,-0.85515976,0,0,1,2
91.87747192,4.555725098,275.2503204,57.58575439,242.8520107,-3.115954399,203.375,-4.056461334,0,0,1,2
116.7085266,2.775085449,306.7661285,70.14026642,266.8744755,-4.576470852,210.75,-1.357818604,0,0,1,2
104.7315979,11.14205933,294.6363831,68.96601677,251.3641453,-6.990973949,194.875,2.454511642,0,0,1,2
91.26998901,3.921142578,294.7223282,73.31102371,253.5007191,-4.719257355,195.25,4.124364853,0,0,1,2
111.247406,4.451904297,296.5378189,51.25654221,261.8763542,-11.72883511,205.75,-8.40911293,0,0,1,2
91.79302979,12.16513062,298.5791397,86.80967331,267.284174,14.59123135,215,22.49249268,0,0,1,2
77.03296661,-1.073364258,234.3478775,10.58984756,202.0466709,-37.71490574,179.5,-19.92927361,0,0,1,3
68.01702118,-2.682861328,221.5691757,13.79942894,183.1688404,-39.48430538,165.125,-23.58890533,0,0,1,3
73.17230988,-7.226257324,224.0340805,9.115905762,188.5589409,-45.02259493,169,-31.27486038,0,0,1,3
82.01211548,-7.01373291,229.0587616,8.165302277,209.0727234,-37.66465187,179.75,-23.40359116,0,0,1,3
72.37255096,-0.874359131,232.7494049,21.32540703,201.7567825,-35.56345224,175.625,-21.45622444,0,0,1,3
81.57504272,-4.269470215,244.2102051,22.74395943,212.272768,-35.57960987,189.5,-21.57582664,0,0,1,3
81.53387451,-2.732055664,235.5569839,13.24776649,216.8485069,-33.90237093,188.25,-20.71540833,0,0,1,3
84.91378784,-3.914825439,246.7325592,21.28635406,216.6417408,-37.31837511,192.5,-22.70114136,0,0,1,3
76.93811798,-0.296173096,233.0391693,12.46195793,212.0681763,-34.29742813,185.125,-19.02620316,0,0,1,3
79.00878906,-3.306945801,241.6960144,19.89658356,210.4676151,-37.27053881,183.375,-23.4589119,0,0,1,3
83.52645874,-2.704925537,248.876915,19.15989876,217.5973415,-38.09970617,190.375,-22.97039795,0,0,1,3
79.86105347,-1.869750977,238.4293747,24.74933624,206.9353104,-32.83943653,183.25,-21.14292526,0,0,1,3
80.95727539,-3.099456787,242.8838348,21.20375633,211.8646908,-35.49583912,186.25,-22.51334381,0,0,1,3
72.89666748,-2.018066406,226.8690491,23.25842857,196.0245419,-34.04243231,169.125,-20.42997551,0,0,1,3
72.91995239,1.04119873,226.819725,24.24656868,196.251812,-32.59520531,168.25,-18.51588821,0,0,1,3
70.78726196,-3.214904785,223.6307907,21.15840912,186.6838837,-31.68050051,165.25,-22.366642,0,0,1,3
83.8817749,-2.038238525,246.4579773,24.6468544,215.7454109,-31.53247833,189.75,-20.54011345,0,0,1,3
86.09472656,-3.220184326,258.4740448,31.0401535,234.8298168,-27.27509737,202.75,-15.38100243,0,0,1,3
95.53234863,2.889129639,258.515358,32.49890327,230.318718,-27.72416353,199.625,-14.88733864,0,0,1,3
90.03179932,-8.110778809,267.3094559,24.06641006,239.7332478,-37.48995066,207.125,-24.74644089,0,0,1,3
82.17575073,-1.993988037,254.8321533,25.14939308,226.266346,-36.1670208,198.125,-22.74926376,0,0,1,3
84.35275269,-3.008392334,257.7033615,26.02758408,231.485815,-35.3376317,198.5,-22.90368462,0,0,1,3
84.19451904,-1.30682373,259.2936707,34.95986938,231.7552376,-28.23989868,200.125,-17.50066566,0,0,1,3
82.6628418,-1.146850586,259.6050644,39.36738968,229.1792488,-24.1892767,192.5,-12.60318375,0,0,1,3
79.70288086,0.564086914,256.9810104,40.61410904,225.698328,-24.29619312,190.125,-14.22754669,0,0,1,3
88.67623901,-1.374328613,265.330658,36.86322212,229.7359371,-24.53157663,200.75,-16.55353546,0,0,1,3
82.77203369,-1.7890625,249.6064377,29.35292244,208.472662,-29.37571764,181.75,-19.29313087,0,0,1,3
78.84243774,-17.08984375,245.5306625,20.58883667,205.1508999,-38.45304251,180.125,-32.54806137,0,0,1,3
77.7119751,-2.14666748,244.4447327,27.25090027,205.9486485,-30.89788198,180.125,-21.60569572,0,0,1,3
79.81866455,-0.098022461,256.2929916,34.02648926,222.8276062,-23.44915152,191.625,-16.188097,0,0,1,3
95.84393311,3.121459961,272.1504211,52.57126808,249.9395561,-12.11449385,212,-6.900054932,0,0,1,3
96.53851318,4.963867188,280.9674454,63.82392883,253.5749531,-5.897941589,214.625,2.102039337,0,0,1,3
78.76013184,2.971557617,249.4316483,38.59013557,220.4318619,-16.43332243,187,-9.751710892,0,0,1,3
73.5539856,-9.977752686,250.3348923,42.02708244,204.3648624,-21.46566153,173.75,-28.7782917,0,0,1,3
75.45501709,-11.83016968,249.078598,37.69054413,206.3375759,-24.73683357,179,-28.57139397,0,0,1,3
85.25891113,-1.529663086,267.8302002,54.04406548,236.877203,-10.45244694,200,-10.87156105,0,0,1,3
89.23840332,3.032928467,282.6898193,65.52366257,250.0069523,-5.231230259,207.125,-6.532161713,0,0,1,3
90.22799683,-5.476806641,277.4442673,67.26485252,246.6076565,-5.505638123,214,-13.24738312,0,0,1,3
99.3850708,3.382446289,282.2915268,64.30129051,252.260704,-8.015856743,205.75,-9.008314133,0,0,1,3
91.1590271,0.936584473,284.4996643,63.863554,253.7073803,-8.268792629,213.625,-11.12384033,0,0,1,3
85.95410156,1.257507324,279.3117142,63.80307198,248.4999275,-7.350153923,208.875,-8.706968307,0,0,1,3
91.61419678,2.891601563,270.6373978,48.9852047,249.5175934,-11.63230419,207,-14.71519089,0,0,1,3
79.24539185,2.374786377,266.2829971,57.68792152,231.050415,-11.69452429,194,-13.36305428,0,0,1,3
69.68231201,-4.120422363,248.392868,42.38502502,200.4036999,-21.41032934,172,-24.90860367,0,0,1,3
80.25213623,-6.541625977,256.671524,41.06085777,213.065176,-23.12560558,182.75,-27.03691292,0,0,1,3
80.64471436,-4.909057617,252.2496796,39.63815689,225.6416035,-16.58549309,188.5,-22.02275848,0,0,1,3
86.07336426,1.765319824,278.0978775,65.00587463,242.8937244,-7.223489285,198.625,-10.51607323,0,0,1,3
26.50314331,32.98394775,213.6309052,168.1998825,181.2030888,72.37747908,93.625,58.12768364,0,0,0,4
99.74203491,14.1178894,304.8962402,120.5117226,243.9617825,4.575762749,154.25,-6.445856094,0,0,0,4
80.68139648,15.30419922,265.6799698,126.9458771,215.1475906,6.958293915,117.5,1.304563522,0,0,0,4
88.14703369,17.02606201,284.360466,136.0927677,235.9891701,11.86868191,139.75,5.332929611,0,0,0,4
92.3371582,11.94082642,284.5384979,134.4861603,237.1288109,12.00974464,149.125,4.390233994,0,0,0,4
73.96069336,23.79342651,263.1123352,136.3562393,208.3866787,16.2153554,114.125,9.021875381,0,0,0,4
77.05075073,13.44677734,262.5488281,122.3572826,205.9213448,4.09778595,118.125,-3.665811539,0,0,0,4
91.60229492,17.73632813,298.2310867,135.4779053,246.9560337,13.0654192,160.75,2.958503723,0,0,0,4
92.05108643,11.90216064,283.7857819,128.0365562,235.46134,5.832252502,144.625,0.757959366,0,0,0,4
66.85510254,16.6852417,237.5197983,133.2036209,192.2744083,15.06515265,107.375,7.26414299,0,0,0,4
91.234375,18.50500488,286.3679504,140.7655621,237.2465515,15.26900053,146.625,5.163219452,0,0,0,4
82.10220337,23.13491821,256.3258743,149.8406982,221.5716362,33.45591545,140.25,17.74831581,0,0,0,4
66.63137817,22.90563965,219.4120789,148.1393623,189.1837883,31.27707481,109.625,13.78229141,0,0,0,4
86.6194458,33.32183838,262.9676056,162.4702263,235.662241,43.96480322,142.5,21.21709442,0,0,0,4
71.46575928,22.54275513,235.128212,144.6059418,201.5401649,25.78397512,114.625,10.59857941,0,0,0,4
86.90167236,18.57757568,261.6191101,144.9015999,230.7648659,24.46547985,142.75,9.139686584,0,0,0,4
77.17681885,21.67266846,243.2081223,141.0404205,209.1890335,24.35103178,127.375,8.795305252,0,0,0,4
78.95523071,19.48483276,250.7643127,139.2915916,219.671278,18.95531416,124.875,6.534250259,0,0,0,4
80.84249878,19.52813721,264.2126465,139.6407223,228.3929062,18.05413485,144.625,6.79964447,0,0,0,4
71.36303711,21.15875244,226.057663,145.292244,198.140192,24.65801954,108,11.13834,0,0,0,4
82.19476318,22.02835083,255.4898834,149.3207359,225.4214191,29.33562756,134.875,14.12031555,0,0,0,4
60.64822388,38.11557007,204.4268417,177.1686745,185.7630253,53.01945448,70.75,41.55142021,0,0,0,4
59.3911438,39.0723877,185.9590149,188.3108711,187.2008324,70.45787573,62.375,47.16115952,0,0,0,4
63.74462891,50.66687012,201.5533066,195.9218788,186.1288834,78.77842426,66.625,57.68838501,0,0,0,4
68.47473145,21.4855957,224.4549561,153.8067627,189.318676,38.66561651,106.125,23.24588585,0,0,0,4
95.45861816,9.669494629,248.1408691,151.2347031,219.2368126,33.61273527,116.625,17.2648201,0,0,0,4
58.46826172,30.9151001,189.2700195,175.6490135,180.0393009,51.11082315,71,33.5397377,0,0,0,4
65.81729126,39.16943359,185.7892227,194.3806458,190.2761555,71.56710863,85.5,41.53821373,0,0,0,4
107.9789429,69.47946167,182.5172806,203.8043404,182.8525352,81.30051613,77.25,56.41480064,0,0,0,4
63.50967407,40.14984131,194.8615265,195.0073814,185.5890465,76.91877365,84.125,47.11651611,0,0,0,4
73.90605927,40.15228271,219.3252182,191.9875145,210.4944706,77.67165899,104.25,50.81111526,0,0,0,4
56.26486206,39.015625,191.6582108,186.209507,184.3993759,67.70994902,74.75,48.30504227,0,0,0,4
119.8398438,77.84326172,211.089859,198.3356094,208.9497662,74.7745657,101.125,45.56165886,0,0,0,4
74.12133789,36.02655029,218.3198166,191.5785599,203.2746029,66.68530941,90.5,38.26992989,0,0,0,4
59.58822632,37.57489014,197.1826935,196.099205,187.0250034,65.34417629,74.375,40.08233643,0,0,0,4
69.86462402,46.06072998,206.2537384,207.2109604,202.8482723,80.38914442,87.375,53.87905884,0,0,0,4
75.85559845,44.09075928,227.6835632,212.7860641,209.1229725,83.3997345,85.875,56.08420944,0,0,0,4
67.45616913,38.1317749,209.1311264,194.5421219,188.375349,63.38251591,73.25,46.18740463,0,0,0,4
69.86883545,38.72290039,214.2441559,195.4019737,199.3979454,67.00064421,80.375,43.80075645,0,0,0,4
71.66824341,42.24249268,224.9172592,199.7594261,208.6688137,71.36680126,95,48.16077232,0,0,0,4
62.88866425,36.58325195,206.5665054,187.7687645,182.9650974,64.98242855,77,45.15888405,0,0,0,4
73.21508789,38.85861206,218.5500717,195.7278442,208.4015942,72.24738121,106.875,48.70536804,0,0,0,4
99.33389282,47.85559082,240.0556564,207.7946091,224.0784073,86.86525583,108,62.31342316,0,0,0,4
108.0736771,75.55480957,199.3138504,204.145546,190.0437832,72.62633085,72.375,64.75165558,0,0,0,4
114.2675171,78.85253906,199.2458725,203.5117722,191.9586945,71.07780933,72.875,61.82656288,0,0,0,4
85.93939209,36.99661255,265.8757782,192.0164108,233.3228779,59.46163416,117.75,39.6579895,0,0,0,4
104.7813721,42.45300293,274.9718857,205.0829315,243.6221313,66.70180321,114,51.24337006,0,0,0,4
101.3569336,-9.234558105,304.2781448,39.34973717,244.3003654,-26.75929785,194.5,-63.42943954,0,0,0,5
99.69546509,-6.387084961,301.7166519,59.08925056,251.5668106,-22.98772573,205.625,-58.06852913,0,0,0,5
100.61203,-5.612304688,308.8906097,61.0546875,257.1070671,-13.76856565,208.5,-1.473644257,0,0,0,5
100.4648743,-1.171295166,315.2351761,57.21688271,263.9010143,-17.60936737,212.25,-1.968383789,0,0,0,5
98.05636597,-9.724731445,308.8837051,49.92010117,255.2580833,-25.40976763,199.25,-6.417732239,0,0,0,5
108.197998,-15.83520508,318.0815887,27.63341904,268.5260391,-49.07863855,208.125,-21.05116081,0,0,0,5
112.048645,3.055847168,316.7535782,51.11492157,267.3815441,-26.28114223,210.5,0.891643524,0,0,0,5
82.71115112,32.37030029,314.3214417,115.1256466,263.5434818,54.18808222,175.5,52.83400154,0,0,0,5
97.51507568,20.6796875,285.2142715,177.7024269,263.4547234,80.95829487,189.75,36.48944092,0,0,0,5
88.76727295,15.52093506,278.5222244,169.1734314,259.718504,71.36620045,184.125,32.85559273,0,0,0,5
102.4090271,3.429962158,287.5255966,151.0931396,268.5586071,52.64159203,203.75,14.62665939,0,0,0,5
123.2477417,4.139160156,314.9362183,148.3153152,289.8507023,50.03786802,222.5,10.53020096,0,0,0,5
101.3742676,2.39642334,297.9234314,137.037077,266.9994164,38.98326159,203.25,6.909296036,0,0,0,5
106.5278931,-3.692047119,302.309494,138.8306808,274.2813396,38.49158049,210.25,4.22644043,0,0,0,5
101.4681702,-1.653869629,297.5080109,145.8804131,268.4863472,44.09088135,199.875,10.1283989,0,0,0,5
107.2192993,-0.527069092,303.2978821,140.4279613,273.9154816,39.33061123,210.625,3.214920044,0,0,0,5
98.87844849,-9.27355957,300.9183121,139.9241924,264.6135235,35.07968903,205.125,-6.313035965,0,0,0,5
97.76751709,-8.813171387,295.8668518,135.1909447,259.1505337,33.21081877,204.25,-13.37063026,0,0,0,5
102.9404297,-8.224304199,303.6673355,136.488905,268.5566711,35.58735609,209.625,-6.414270401,0,0,0,5
84.76739502,-14.5932312,285.3479767,131.1268044,247.6460648,32.14671135,192.125,-15.6210537,0,0,0,5
106.527832,-8.27557373,302.8888702,135.8986187,265.6876564,38.52456808,216.625,-5.677419662,0,0,0,5
96.64962769,-6.317626953,295.4794693,130.9458447,259.6799183,34.40978765,202.75,-9.671699524,0,0,0,5
96.61672974,-7.992675781,289.9593735,125.0128841,250.1190281,31.09420538,196.125,-10.51760101,0,0,0,5
109.6822205,-9.65234375,301.1961746,125.2722645,263.8908005,33.36261749,210.125,-11.9532795,0,0,0,5
90.66436768,-9.572845459,283.9526367,123.1371117,241.3580799,29.95933771,183.25,-10.78416252,0,0,0,5
99.75976563,-7.817382813,294.2892456,126.9784927,258.0119228,32.28245258,201.625,-9.244182587,0,0,0,5
106.4223328,-10.72473145,299.2283249,123.4768581,261.2356949,30.97518682,209.125,-10.15971565,0,0,0,5
86.89001465,-8.302947998,280.5010223,123.2918358,241.722517,30.167799,182.375,-13.28796959,0,0,0,5
91.5005188,-6.618255615,285.6272507,127.7329159,247.9169464,33.69957447,193,-6.625087738,0,0,0,5
110.5368042,-8.78692627,303.4657669,124.9690533,265.9644222,32.37713814,213.625,-10.22360229,0,0,0,5
88.27786255,-5.313293457,283.1809998,128.9080811,244.1197491,34.75235224,188,-4.503908157,0,0,0,5
100.0397644,-5.33996582,297.0087051,127.3944855,260.1371193,33.65454197,206.75,-1.869569778,0,0,0,5
107.8105774,-3.771972656,300.0251389,128.6780834,261.9029999,34.265728,204.125,3.161138535,0,0,0,5
92.92791748,-0.643798828,287.5844574,130.0522041,248.2810402,36.99666023,193.375,3.065752029,0,0,0,5
111.5640564,-4.376403809,299.0207672,126.2705898,256.521101,31.0366416,199.125,0.582447052,0,0,0,5
105.0709839,-0.549743652,303.7052536,126.2211227,261.8114662,34.23997164,208,1.32718277,0,0,0,5
102.1022949,-4.526000977,297.1577454,121.2129021,255.4311275,29.63385344,203.125,-0.759601593,0,0,0,5
96.92074585,-4.474121094,297.1173096,119.406395,255.4443264,28.94966841,200.5,-4.863607407,0,0,0,5
93.73034668,-6.114990234,293.9001846,115.5141735,249.7208118,28.09262753,198.5,-4.232711792,0,0,0,5
98.65142822,-7.027160645,293.3256912,118.6349487,249.2850113,30.42480469,201.125,-0.483879089,0,0,0,5
97.13973999,-12.83081055,290.7173538,121.1995697,253.0428123,30.13030529,197.75,-11.33156776,0,0,0,5
99.68688965,3.591430664,290.2812195,138.6287785,253.0992603,45.2918601,203.25,7.334478378,0,0,0,5
104.3633423,-1.057556152,298.5761261,129.6736336,260.2531624,37.88093805,208.625,2.720907211,0,0,0,5
96.3192749,-1.502685547,295.4475784,130.2333355,255.383873,37.39664555,199.5,0.242288589,0,0,0,5
87.80743408,-3.002197266,284.8554611,125.217247,244.0124798,33.45693827,192,0.191957474,0,0,0,5
90.21185303,-1.072692871,286.5102768,127.3219299,244.3725395,37.48989344,188.125,2.488672256,0,0,0,5
87.63253784,-5.189697266,284.0467072,122.6986313,241.4428806,32.31030464,187.5,-1.575725555,0,0,0,5
105.0626831,-0.22253418,288.0578613,125.3172398,250.7472229,35.15222311,192.375,4.187427521,0,0,0,5
96.76586914,-7.08380127,292.2628784,119.9712467,259.195261,31.14979506,205.125,-3.954940796,0,0,0,5
96.73529053,-11.23153687,294.787178,109.2459583,253.1445503,21.51688814,204.5,-9.348077774,0,0,0,5
95.65322876,-0.947875977,289.8335266,123.5324764,252.9468822,35.05120039,194.5,3.635416031,0,0,0,5
110.1618347,-3.792816162,303.8554764,121.5356255,271.5439701,31.59947634,214.5,1.965900421,0,0,0,5
99.33810425,-3.112335205,297.936554,118.3529377,258.8773918,26.63856983,195,0.040300369,0,0,0,5
96.99108887,-2.819458008,295.1242447,120.6899643,255.5688,28.28887224,197.625,0.208185196,0,0,0,5
97.94888306,-1.129547119,291.8906021,124.5786095,256.0274506,30.53555489,198,2.455741882,0,0,0,5
94.85122681,-2.666992188,284.7763443,122.5784397,248.5988235,31.07302666,195.625,2.306230545,0,0,0,5
96.03005981,-9.525878906,294.4400024,115.5640411,254.9545383,26.05570078,203.75,-2.897844315,0,0,0,5
97.74487305,-9.511779785,300.0442505,117.4860764,257.9106426,28.58537436,192.75,-4.084945679,0,0,0,5
98.45248413,-21.58203125,298.6166,108.1266117,260.1680183,15.41748762,203,-19.68125153,0,0,0,5
100.8222046,-6.642700195,301.5340424,116.7753983,261.2844753,26.61720514,203.875,-3.417263031,0,0,0,5
81.04389191,9.671844482,319.7849655,146.6818428,262.5080299,30.51012039,193.375,27.97277641,0,0,0,6
29.82269287,58.81228638,181.2058258,208.8957596,172.8617668,87.32206106,51.75,85.3745327,0,0,0,6
6.729248047,36.44033813,137.3561859,189.3023872,135.9824181,65.93453407,15,65.50572395,0,0,0,6
52.26477051,11.16549683,250.6619644,159.8992538,220.7831573,34.65608597,132.625,22.29941368,0,0,0,6
68.61645508,13.83551025,285.5622864,145.5240154,240.8001232,32.80890226,172.875,27.74727631,0,0,0,6
59.04415894,24.57241821,275.2403641,166.5056992,237.989521,46.77959919,151.875,46.83821297,0,0,0,6
57.50714111,17.67785645,262.0495224,160.5305672,221.5452385,43.32703829,144.375,32.12347412,0,0,0,6
56.64556885,10.2288208,256.3034821,150.0776196,216.9875526,34.25407648,139.125,24.84382439,0,0,0,6
84.21194458,8.586303711,283.1808472,118.7372017,218.3561993,13.22449923,140.875,14.35437584,0,0,0,6
90.26672363,22.40270996,287.0146942,141.8839073,234.8901272,26.18111372,149.25,26.91518784,0,0,0,6
70.32733154,18.05731201,269.5615387,146.3531685,216.6281986,27.27902412,132.125,24.8030777,0,0,0,6
71.29156494,7.26763916,266.0543823,126.6147709,213.6885452,12.70103216,132.375,11.71799469,0,0,0,6
76.73504639,15.95391846,274.8012543,123.7712574,217.3214436,11.71613932,122.375,11.24778557,0,0,0,6
86.19482422,-0.043914795,300.6751633,132.9512787,250.1519108,22.88314104,184.625,5.426210403,0,0,0,6
66.73239136,38.84963989,247.6981354,101.2991238,195.4338264,39.72187042,127.125,56.52140808,0,0,0,6
72.05639648,28.81988525,235.9100342,150.0773907,224.0129089,58.16057682,133,46.04751778,0,0,0,6
77.19250488,30.21710205,269.2662811,162.2678375,227.1021748,40.302279,135.375,35.4450531,0,0,0,6
82.59118652,20.02804565,271.7931747,152.6936531,226.8790627,34.45542097,151.625,28.30813408,0,0,0,6
77.32055664,15.22473145,258.3625793,159.1557026,218.7832642,37.01096535,138.875,21.91158485,0,0,0,6
83.06375122,9.470855713,278.8819885,151.1121655,230.6241131,31.54033899,156.5,19.3237381,0,0,0,6
58.34347534,10.31634521,264.1509628,157.6187325,224.8730946,34.06165123,145.25,23.66377831,0,0,0,6
82.85540771,23.89953613,267.978363,164.3540955,228.3397388,44.20135975,147.5,34.33522797,0,0,0,6
76.69674683,18.54309082,260.4747009,156.4089775,218.0563927,38.87727499,142.625,29.83154869,0,0,0,6
82.55606079,17.97869873,275.4510498,152.7089882,229.7064018,35.53935528,152.375,28.75740051,0,0,0,6
60.67678833,20.74023438,267.1097946,151.5309048,222.0013142,34.82751846,137.125,31.02190018,0,0,0,6
72.00662231,14.19482422,271.7168045,150.9904575,224.7506332,40.50426006,144.875,27.06313133,0,0,0,6
61.71365356,14.44070435,263.5854721,152.2701073,222.1660137,35.02609491,129,27.90159988,0,0,0,6
82.7053833,30.56185913,274.7249985,162.9149151,236.8535423,42.45210886,130,35.88798523,0,0,0,6
83.33352661,29.72784424,268.1482697,166.3652229,229.142046,41.18072748,133,36.11626053,0,0,0,6
55.40545654,23.32800293,263.1245422,165.5226231,227.7990532,41.04423523,125.125,35.25932121,0,0,0,6
80.17114258,29.98583984,266.568985,168.134079,226.9227886,46.02521896,124.125,39.63048935,0,0,0,6
77.24136353,25.33959961,168.0516815,47.88299561,122.3716354,6.337573528,116.625,43.0661087,0,0,0,6
73.01544189,27.78344727,161.0386658,16.59290314,110.1406384,10.34679651,105.5,41.99502182,0,0,0,6
101.8977661,40.42800903,272.3705292,169.457159,237.9528999,45.46046019,126.125,34.65361404,0,0,0,6
95.37921143,38.0737915,186.8119812,0.904626846,131.8450356,-0.010113716,104.125,38.31011581,0,0,0,6
84.91833496,19.09454346,251.0546875,172.0706749,216.9315147,48.29910994,129.125,28.87692261,0,0,0,6
73.58346558,21.33312988,248.4648132,170.9449768,218.7607479,49.60034609,130,30.08563614,0,0,0,6
89.75170898,13.82455444,289.6077728,175.226841,249.2248535,40.59802294,149.75,20.25163651,0,0,0,6
83.88262939,35.75567627,255.150795,190.8084869,237.1387672,49.65709448,113.375,28.523283,0,0,0,6
73.88116455,34.96948242,238.7650681,185.5492973,211.288681,51.67366505,93.375,38.03950882,0,0,0,6
89.08331299,21.34799194,260.4976654,125.1366234,240.0946522,31.97035074,142.75,21.99650574,0,0,0,6
144.1700439,9.124145508,357.7279663,127.1122742,288.6010742,22.5620842,215,9.496479034,0,0,0,6
139.1400146,21.83850098,348.3026886,132.9429245,292.8702354,33.4545064,211.25,24.7270031,0,0,0,6
120.7075195,21.60107422,311.7548752,153.6474609,270.6804371,27.44565725,172.25,27.61038208,0,0,0,6
130.7265625,23.48937988,323.196373,152.460022,279.9202919,25.20274401,177.25,23.5122757,0,0,0,6
129.7033691,24.28277588,317.0975876,147.3221111,280.530014,23.19435596,178.625,21.90347672,0,0,0,6
100.1169434,19.05737305,306.403656,152.4064636,265.1196861,34.21499491,181.75,23.50629044,0,0,0,6
112.6320496,24.00375366,311.1555481,151.5388298,265.5908108,38.39051485,175.375,30.46119118,0,0,0,6
100.2780762,32.76422119,271.7279434,27.56432533,212.925806,-14.75561857,157.625,36.11798859,0,0,0,6
18.07077026,6.406311035,265.6040192,-38.16890717,168.9758778,-74.92052078,95,25.06399155,0,0,0,7
29.14883423,-2.795043945,250.9207153,-96.40259743,155.691452,-119.1151428,124.625,-5.377601624,0,0,0,7
75.26321411,0.581268311,287.0385361,-95.57458878,230.6288815,-119.0801883,180.25,-23.817873,0,0,0,7
94.05175781,-14.11303711,307.9216385,17.80437469,255.7440758,-66.94754362,184.375,-32.60028076,0,0,0,7
147.7800903,-20.05331421,324.3419266,21.20427132,272.1169281,-66.19789124,194.5,-19.77095032,0,0,0,7
74.85543823,6.374694824,298.3737183,26.64187431,249.0623665,-78.52521658,177.625,-10.88636971,0,0,0,7
55.77130127,6.654815674,258.9516449,-57.27679253,208.536272,-78.84488225,145.125,-6.557601929,0,0,0,7
52.60644531,8.508911133,264.8120117,-4.623241425,215.8350658,-74.09757257,152.125,-4.968057632,0,0,0,7
55.74411011,1.715057373,290.1266479,23.31693649,224.4471359,-82.92600989,149.125,-8.657495499,0,0,0,7
64.10650635,4.211853027,298.9307022,26.45565033,237.1758556,-77.0476985,160,-3.329675674,0,0,0,7
62.91711426,5.5027771,294.8334503,28.82818222,239.4196129,-77.53495574,164.25,-7.697416306,0,0,0,7
61.61181641,-1.091339111,296.7728043,15.1051712,230.733757,-86.74969912,154.875,-18.19284439,0,0,0,7
62.09234619,4.42364502,295.4337692,17.08442688,230.722971,-85.78041673,159.875,-15.34447861,0,0,0,7
57.75411987,6.579772949,286.5343475,21.53532028,219.7787762,-81.86831117,145.5,-6.507453918,0,0,0,7
61.25363159,4.935119629,296.7233276,20.81505775,227.6204109,-80.91788292,154.375,-5.260763168,0,0,0,7
48.32348633,1.330627441,239.0929413,-68.42365265,191.3721657,-85.07752776,140.5,-26.68987083,0,0,0,7
62.60308838,0.086608887,262.3232651,-62.44980812,215.3521729,-90.79836488,153.75,-19.17469597,0,0,0,7
55.47662354,4.84274292,255.2996063,-34.9190712,212.768774,-83.49893332,154.875,-24.5782299,0,0,0,7
59.5652771,1.641540527,253.4021759,-19.70872879,224.8362064,-89.02175903,158,-22.3902626,0,0,0,7
58.94256592,2.649078369,259.5109177,-7.575044632,223.4777737,-82.77186871,158.5,-22.53260422,0,0,0,7
55.90130615,4.942810059,279.8920441,25.85738182,218.9896679,-76.98958755,145.5,-5.249444962,0,0,0,7
62.32696533,4.164428711,295.3520203,24.6896553,232.7551746,-75.73729992,156,-3.384092331,0,0,0,7
56.40759277,8.751464844,289.2935944,31.54884338,223.091135,-70.85525036,147.625,0.049976349,0,0,0,7
53.04571533,6.473266602,279.330864,27.09179878,212.777729,-75.2199769,148.5,-5.522558212,0,0,0,7
62.24127197,-0.532165527,239.7248459,-67.02026367,197.1398354,-70.82612157,143.5,-9.26704216,0,0,0,7
60.16662598,2.626037598,255.9820938,-61.8629837,211.8297768,-77.34756589,142.5,-9.564857483,0,0,0,7
53.28149414,6.476867676,246.7345047,-28.2248497,203.9319706,-77.15024829,147.125,-14.46312904,0,0,0,7
56.61785889,-0.614074707,254.8447418,-17.86239624,220.9848022,-80.87509632,156.5,-22.63504028,0,0,0,7
55.52932739,-2.18460083,257.7386856,-9.212808609,225.8801651,-81.93415046,153.625,-22.28492546,0,0,0,7
46.51629639,6.389526367,264.4790649,35.60571671,200.1913548,-72.82191396,127.875,-0.390123367,0,0,0,7
54.75866699,0.516052246,280.7843018,32.03930855,224.5938969,-76.56360626,145.625,-9.660747528,0,0,0,7
56.02941895,3.220062256,277.4064255,30.34286499,217.0627117,-75.82677126,145.75,-8.571298599,0,0,0,7
47.2197876,4.759155273,266.6422272,32.99042702,204.5966339,-75.45970559,138.375,-3.791936874,0,0,0,7
55.6395874,1.204589844,289.6076965,30.79862595,224.5775414,-73.14795256,144.375,-2.467111588,0,0,0,7
140.135376,-22.16268921,272.233963,35.3548336,208.7178421,-71.07920408,124.125,4.479875565,0,0,0,7
137.6966553,-21.88729858,264.858284,39.16986465,198.2760715,-64.43329096,118,9.64509201,0,0,0,7
73.09207153,-12.09283447,275.5978012,37.25973129,217.1986485,-67.05929875,137.875,-18.34869576,0,0,0,7
68.21917725,-13.64346313,260.7603836,33.62686157,205.2601051,-71.29075527,131.75,-23.6919136,0,0,0,7
129.1094971,-30.50499725,221.374855,-70.8229208,176.7444897,-75.87211847,113.125,-9.444007874,0,0,0,7
139.9907532,-20.88306427,236.4093018,-52.08091736,189.4277096,-71.53229356,115.625,-0.662801743,0,0,0,7
142.9983826,-23.90087128,260.6713867,-50.54964066,212.6148891,-74.94948149,137.125,-5.291404724,0,0,0,7
50.72808838,4.188537598,278.7483978,34.6668148,218.4902,-72.51929283,141.125,-9.619251251,0,0,0,7
140.0305481,-17.42663574,276.2387848,42.10178375,210.9667587,-63.21222782,125.125,9.385036469,0,0,0,7
139.9472961,-18.01165771,273.2237244,45.76034546,209.820013,-60.75415134,121.25,9.091913223,0,0,0,7
138.4382324,-17.31798553,267.627449,42.0454216,200.2551651,-64.20897245,116,5.924154282,0,0,0,7
72.73275757,0.567779541,229.9917221,-58.51447105,187.9847908,-66.33401155,120.875,-2.846992493,0,0,0,7
48.97979736,2.472869873,243.4796143,-55.13540268,197.9622078,-75.13511896,135,-12.61471367,0,0,0,7
142.4716797,-19.91558838,254.7785187,9.776344299,213.1316853,-66.23642921,129.875,2.141624451,0,0,0,7
43.12811279,5.089782715,269.7436905,48.69469643,210.121603,-66.69603825,126,-0.031351089,0,0,0,7
145.4608765,-18.25790405,309.9045563,29.68050957,252.3608017,-42.67212868,214.125,-83.30807877,0,0,0,8
105.1086426,-19.07086182,285.200119,50.4087925,238.5108471,-46.1169219,188.875,-90.13448238,0,0,0,8
99.44546509,-13.96289063,281.3785553,56.50448799,232.0862103,-38.01391125,175.625,-79.28077698,0,0,0,8
105.7528687,-16.6078186,286.1932755,60.20690918,239.4603157,-33.54826927,183.75,-79.17879295,0,0,0,8
101.0006104,-18.90393066,270.5423737,51.3133049,226.791811,-10.52018881,155.75,-22.78858566,0,0,0,8
99.31707764,-12.10559082,294.3198776,59.76519585,239.3059158,-18.8280201,186.5,-25.26851463,0,0,0,8
100.6289673,-8.647033691,260.0649261,9.887752533,200.162096,-27.31606007,184.75,-16.29527092,0,0,0,8
96.10144043,-6.924560547,281.3671875,49.57460403,229.9958801,-26.49926662,177.625,-19.40931129,0,0,0,8
104.5578003,-6.807067871,231.2214661,-4.068260193,186.4659786,-41.75410509,183.25,-8.415390015,0,0,0,8
99.54669189,-7.165100098,240.0529099,11.03722572,196.6529751,-31.559093,178.125,-14.2578907,0,0,0,8
104.889679,-8.442321777,281.3250732,53.88238907,233.3827877,-19.62651014,196,-16.07657433,0,0,0,8
100.4060974,-6.671661377,275.1798248,56.45762444,227.4674702,-15.70086479,187.125,-13.56440163,0,0,0,8
100.4351196,-4.586456299,277.0537567,58.15132141,229.3112659,-14.89648819,189.125,-11.1516037,0,0,0,8
107.414856,-1.112823486,278.7657547,62.45747566,233.0752659,-11.26288176,194.125,-7.177213669,0,0,0,8
105.1873474,-0.716461182,280.8950043,36.77541733,234.5356369,-34.31716919,191.125,-13.47116661,0,0,0,8
98.32922363,6.977661133,260.872345,-44.66749191,216.1321735,-71.18626356,179.5,-1.955434799,0,0,0,8
99.8687439,-6.010742188,280.0085831,-13.32089424,225.9484291,-83.28888059,183.875,-26.47561455,0,0,0,8
97.71792603,-4.590515137,273.6317062,-1.337385178,227.0193768,-68.57474327,181,-26.76345062,0,0,0,8
101.4041748,-10.17984009,279.229126,-7.314090729,229.822979,-74.95645165,184.875,-34.97733879,0,0,0,8
95.87194824,-8.499237061,280.3031158,-26.79041862,221.4214039,-100.1359606,176.875,-27.67585373,0,0,0,8
96.97845459,-4.212310791,275.2844238,-19.15200233,221.6084385,-91.31965756,179.25,-25.30285835,0,0,0,8
97.74206543,-5.658081055,264.5370483,-14.44190025,218.690033,-87.54195929,180,-22.9088459,0,0,0,8
106.4259338,-14.52612305,270.57827,-23.56527328,228.7469769,-92.75421739,185.75,-33.18238449,0,0,0,8
95.71032715,-9.098266602,266.4899063,-22.89316177,219.1619968,-92.78588891,177,-28.8598423,0,0,0,8
105.8291626,-8.650604248,268.4656906,-17.04594612,224.0651417,-84.29925799,181.125,-27.75833702,0,0,0,8
99.92901611,-21.08206177,267.7572632,-27.56103516,225.6373215,-97.2322154,182.625,-37.78715515,0,0,0,8
104.9904175,-7.105194092,269.4049454,-19.13772583,224.3666458,-87.79259562,183,-27.87220573,0,0,0,8
98.32800293,-2.728027344,261.0153198,-11.61649704,217.8209209,-82.74102688,179.125,-19.84013557,0,0,0,8
106.1838379,-18.63623047,270.7728195,-26.52852058,228.4449768,-94.45246696,186.5,-35.97087479,0,0,0,8
100.2653503,-12.00405884,266.8442535,-19.6010685,222.0832443,-85.81374764,181.125,-30.13448524,0,0,0,8
104.0245361,-10.46325684,266.1623001,-18.46979141,223.1460667,-84.80421782,181.125,-31.27820778,0,0,0,8
102.031189,-11.57684326,265.2176285,-19.06162262,221.6288471,-89.81454134,180.875,-30.88176155,0,0,0,8
99.24908447,-12.03851318,263.1066132,-20.34255981,217.585907,-89.00118828,178.125,-29.55547714,0,0,0,8
101.0022583,-11.81008911,265.3222656,-22.57741928,221.2140751,-90.56371808,177.375,-31.86868858,0,0,0,8
95.75091553,-26.30526733,267.5115204,-37.02850342,214.9755859,-107.5996399,177.125,-42.28888893,0,0,0,8
102.1716309,-17.1776123,282.1933746,-28.74469757,226.5794659,-99.94971514,181.125,-29.92726707,0,0,0,8
108.2305298,-11.9519043,274.0065002,-22.51882553,218.9302063,-93.72648954,179.125,-23.00149155,0,0,0,8
94.05725098,-10.61395264,267.2769928,-20.3964901,218.7843132,-88.15648556,175.625,-24.86163139,0,0,0,8
93.24462891,-9.251098633,266.2247086,-19.05272484,217.3720741,-89.32454467,174.5,-23.5831089,0,0,0,8
91.31124878,-11.02288818,234.3896484,-44.99899864,192.388258,-77.01058745,161.125,-22.92658997,0,0,0,8
99.54452515,-7.998046875,268.2867432,-10.936203,221.7185211,-81.03167295,174,-21.20811081,0,0,0,8
96.68783569,-2.400115967,277.3421097,-25.55511475,223.3212566,-96.59475446,175,-14.70709419,0,0,0,8
94.83847046,-6.310852051,275.0621796,-23.73601913,229.7759151,-96.94297314,180.5,-28.99209023,0,0,0,8
94.91815186,-2.140991211,276.1196136,-18.89296532,226.7404747,-92.7992928,179.625,-23.44287872,0,0,0,8
95.55340576,7.211303711,275.6311417,-8.837614059,227.3165226,-83.88845801,180.5,-15.41769791,0,0,0,8
93.61407471,-6.990722656,278.939743,-29.04290199,224.4430351,-100.930903,175.625,-28.07726097,0,0,0,8
93.14916992,-6.128692627,276.9423294,-30.10614395,221.1916351,-101.5714788,173.75,-26.31104851,0,0,0,8
91.51477051,-5.135253906,272.4425888,-24.59767342,222.0479202,-96.58803463,174.125,-25.28665352,0,0,0,8
96.56060791,-0.437469482,279.1350937,-20.48870087,227.7525902,-92.7300024,180.375,-21.42542267,0,0,0,8
95.20141602,-1.230407715,274.8352051,-18.14878464,224.1523838,-92.93430448,173.75,-15.14779472,0,0,0,8
94.6293335,-4.175933838,280.3432465,-26.7257309,227.9907227,-97.27731943,177.75,-20.08990288,0,0,0,8
93.0994873,14.08242798,208.7279892,7.574329376,175.6150341,-15.05330086,151.625,19.71873093,0,0,0,9
62.3458252,6.061981201,236.5646362,-10.88104248,194.9313259,-42.43732452,134,8.897054672,0,0,0,9
62.78399658,5.541259766,242.3312378,24.50657845,198.5938644,-40.8957696,130.125,1.807508469,0,0,0,9
70.08789063,5.275390625,249.5218277,42.34096527,199.6406841,-40.35432816,145.125,0.696287155,0,0,0,9
68.5769043,8.860656738,250.243454,46.68897629,194.1538811,-35.55567026,139.125,7.998235703,0,0,0,9
62.75689697,7.040771484,255.4918671,43.8742733,195.4500294,-39.90539074,135,8.660150528,0,0,0,9
60.69281006,11.15405273,244.6648788,51.47014618,188.8892174,-35.92882633,135.75,10.30210876,0,0,0,9
-77.97863007,8.764984131,235.3587723,-10.70566177,189.998455,-43.39156866,132,7.076843262,0,0,0,9
-86.54338837,8.04901123,247.7076721,54.13510323,190.7533169,-33.82028103,122.875,15.42769432,0,0,0,9
48.96966553,10.32644653,241.1141205,56.35382652,184.0503979,-35.18425941,119.625,11.71096802,0,0,0,9
72.23016357,1.625732422,237.6232147,-19.60907936,199.3658638,-57.34512806,147.375,-10.84601784,0,0,0,9
71.52087402,6.083648682,264.1519928,33.93536568,203.601656,-49.42979336,151,2.404615402,0,0,0,9
69.94485474,6.999694824,257.7133942,35.38759232,200.5150318,-49.39543247,146.625,5.971572876,0,0,0,9
66.46569824,5.476745605,256.1423492,31.37389183,200.9649277,-51.92827463,146.875,-3.903327942,0,0,0,9
68.92245483,6.808197021,259.2539215,33.55751038,204.3124485,-49.45854664,151.125,-0.107311249,0,0,0,9
64.88018799,4.103088379,225.1027298,-22.34787941,187.4993229,-54.68254566,136.75,-7.091176987,0,0,0,9
71.89764404,3.124145508,262.5406647,27.84464836,207.7787781,-51.35110617,158.625,-5.103286743,0,0,0,9
80.64562988,10.6973877,237.9672241,-39.98376846,188.4341717,-84.62066531,158.25,-12.70517921,0,0,0,9
70.05447388,4.953186035,263.1148148,-12.02482224,183.0234051,-80.39386868,151.625,1.944271088,0,0,0,9
74.83657837,4.268371582,265.2072144,-4.633426666,188.6365318,-75.04760027,156.125,7.054733276,0,0,0,9
65.58953857,2.005737305,257.3772812,-11.06134415,185.1507187,-81.35005474,147.625,-5.231609344,0,0,0,9
-81.5537796,-4.973449707,251.9935226,-7.42398262,181.4249134,-74.7791791,135.625,-3.496810913,0,0,0,9
54.72912598,-1.91595459,244.5418549,5.137796402,179.5401955,-68.70711565,135.25,-21.22373772,0,0,0,9
55.94546509,2.118652344,238.1650543,10.26400566,173.1087017,-66.35740757,123.25,-12.07781982,0,0,0,9
55.06768799,2.40625,213.7294388,-41.90259933,171.3108349,-72.49314308,129.125,-19.67280579,0,0,0,9
63.38088989,5.126220703,222.6739502,-9.726190567,181.6198635,-69.32523251,143.5,-10.45135689,0,0,0,9
51.73937988,-0.040649414,239.2918015,-0.347528458,169.1451263,-74.67247009,115.125,1.403205872,0,0,0,9
63.1138916,3.488525391,222.6912308,-44.80098724,176.4690685,-78.19173574,138.125,-14.38993835,0,0,0,9
53.92391968,8.029174805,207.1709442,-55.14953613,168.5806084,-76.38114452,127.625,-14.12054443,0,0,0,9
-94.65493774,-5.011505127,214.6173096,-38.22526932,175.3780556,-73.22354794,134.625,-8.625846863,0,0,0,9
58.02841187,8.662200928,214.9132538,-47.66796112,175.8821583,-75.12690067,137.625,-9.582458496,0,0,0,9
-93.18153381,-3.819030762,220.4088974,-7.621393204,162.3041439,-67.37592459,112.75,-1.224128723,0,0,0,9
-94.40434265,-4.472412109,236.2195969,4.065055847,164.3135166,-69.15660381,112.625,0.507854462,0,0,0,9
59.18811035,3.479614258,243.7477875,-52.16096878,192.4651432,-89.44259763,142.125,-14.95248413,0,0,0,9
80.47814941,-0.959960938,275.1608658,-41.62811279,216.5920162,-99.32898402,177.625,-19.66676903,0,0,0,9
64.45294189,0.819580078,282.8286743,8.001708984,206.6444206,-84.8380816,154,-14.63794327,0,0,0,9
62.67944336,0.333068848,272.204628,5.751028061,194.9785137,-82.08189011,138.875,1.988754272,0,0,0,9
68.9803772,0.225219727,281.6221237,6.287555695,207.1859455,-81.538378,151.125,-1.125909805,0,0,0,9
67.01507568,0.51739502,280.7519913,4.460706711,203.7329388,-83.4983182,152.25,-9.035322189,0,0,0,9
65.11633301,0.508117676,278.0455399,9.798002243,202.0910549,-78.02989125,146.375,5.586118698,0,0,0,9
152.3989258,-15.87256622,276.7441559,20.98628998,205.0430202,-66.62062883,143.875,13.75768089,0,0,0,9
76.46099854,0.849212646,297.9199219,13.67969513,226.4293098,-83.19513202,167.625,0.497268677,0,0,0,9
155.0405273,13.73074341,309.8544693,11.41631126,231.8506145,-87.54912257,175.5,8.185518265,0,0,0,9
88.63021851,1.780181885,305.3024292,-0.210456848,221.0781765,-85.42451978,178,3.383480072,0,0,0,9
106.8720703,0.463470459,307.6803589,-8.184900284,232.9897499,-87.02197552,204.875,-13.2518692,0,0,0,9
118.9361572,0.907897949,311.7154312,-16.15556717,233.5060883,-86.33776546,208.125,-14.77557564,0,0,0,9
104.8797607,-0.043884277,301.4013672,-13.65932465,226.4908409,-88.91372681,198.875,-16.74927521,0,0,0,9
111.9968872,1.163330078,302.726059,-12.44333267,225.0551319,-85.13622165,210,-13.41981125,0,0,0,9
116.3655396,0.697692871,304.0787506,-14.95897293,229.9004269,-89.37993765,201.5,-17.00823784,0,0,0,9
83.90209961,1.903686523,276.3801956,36.09755516,243.477478,-66.42837167,195.375,-94.00734615,0,0,0,9
84.99591064,-6.353088379,282.0942688,40.93008041,253.4387875,-63.26603651,206,-76.8061924,0,0,0,9
94.28652954,6.100585938,306.3463211,48.05165291,272.470665,-64.94063616,179,-5.648614883,0,0,0,9
81.88360596,-5.528747559,299.5651245,36.70701027,265.6208897,-77.16996431,168.5,-19.16083145,0,0,0,9
96.77789307,0.947509766,306.2303925,42.1928215,274.2904854,-71.06978774,175.5,-13.99617577,0,0,0,9
81.54779053,3.411407471,306.8952942,42.90332794,266.9531822,-61.95599198,163.625,-0.945121765,0,0,0,9
91.74041748,2.676330566,306.9203949,43.95186424,270.4230499,-60.41514516,175.625,-14.33978462,0,0,0,9
74.72290039,0.024536133,286.5349579,48.16732407,268.6793613,-69.32710648,169.625,-16.92180061,0,0,0,9
